


insert into Il values 
(1,'Adana'),
(2,'Adýyaman'),
(3,'Afyonkarahisar'),
(4,'Aðrý'),
(5,'Amasya'),
(6,'Ankara'),
(7,'Antalya'),
(8,'Artvin'),
(9,'Aydýn'),
(10,'Balýkesir'),
(11,'Bilecik'),
(12,'Bingöl'),
(13,'Bitlis'),
(14,'Bolu'),
(15,'Burdur'),
(16,'Bursa'),
(17,'Çanakkale'),
(18,'Çankýrý'),
(19,'Çorum'),
(20,'Denizli'),
(21,'Diyarbakýr'),
(22,'Edirne'),
(23,'Elazýð'),
(24,'Erzincan'),
(25,'Erzurum'),
(26,'Eskiþehir'),
(27,'Gaziantep'),
(28,'Giresun'),
(29,'Gümüþhane'),
(30,'Hakkâri'),
(31,'Hatay'),
(32,'Isparta'),
(33,'Ýçel (Mersin)'),
(34,'Ýstanbul'),
(35,'Ýzmir'),
(36,'Kars'),
(37,'Kastamonu'),
(38,'Kayseri'),
(39,'Kýrklareli'),
(40,'Kýrþehir'),
(41,'Kocaeli'),
(42,'Konya'),
(43,'Kütahya'),
(44,'Malatya'),
(45,'Manisa'),
(46,'Kahramanmaraþ'),
(47,'Mardin'),
(48,'Muðla'),
(49,'Muþ'),
(50,'Nevþehir'),
(51,'Niðde'),
(52,'Ordu'),
(53,'Rize'),
(54,'Sakarya'),
(55,'Samsun'),
(56,'Siirt'),
(57,'Sinop'),
(58,'Sivas'),
(59,'Tekirdað'),
(60,'Tokat'),
(61,'Trabzon'),
(62,'Tunceli'),
(63,'Þanlýurfa'),
(64,'Uþak'),
(65,'Van'),
(66,'Yozgat'),
(67,'Zonguldak'),
(68,'Aksaray'),
(69,'Bayburt'),
(70,'Karaman'),
(71,'Kýrýkkale'),
(72,'Batman'),
(73,'Þýrnak'),
(74,'Bartýn'),
(75,'Ardahan'),
(76,'Iðdýr'),
(77,'Yalova'),
(78,'Karabük'),
(79,'Kilis'),
(80,'Osmaniye'),
(81,'Düzce')



insert into Ilce values 
(1,'Arnavutköy',34),
(2,'Avcýlar',34),
(3,'Baðcýlar',34),
(4,'Bahçelievler',34),
(5,'Bakýrköy',34),
(6,'Baþakþehir',34),
(7,'Bayrampaþa',34),
(8,'Beþiktaþ',34),
(9,'Beylikdüzü',34),
(10,'Beyoðlu',34),
(11,'Büyükçekmece',34),
(12,'Çatalca',34),
(13,'Esenler',34),
(14,'Esenyurt',34),
(15,'Eyüp',34),
(16,'Fatih',34),
(17,'Gaziosmanpaþa',34),
(18,'Güngören',34),
(19,'Kâðýthane',34),
(20,'Küçükçekmece',34),
(21,'Sarýyer',34),
(22,'Silivri',34),
(23,'Sultangazi',34),
(24,'Þiþli',34),
(25,'Zeytinburnu',34),
(26,'Çiftlikköy',77),
(27,'Altýnova',77),
(28,'Armutlu',77),
(29,'Termal',77),
(30,'Çýnarcýk',77),
(31,'Merkez',77),
(32,'Osmangazi',16),
(33,'Nilüfer',16),
(34,'Yýldýrým',16),
(35,'Gemlik',16),
(36,'Gürsu',16),
(37,'Harmancýk',16),
(38,'Ýnegöl',16),
(39,'Ýznik',16),
(40,'Karacabey',16),
(41,'Keles',16),
(42,'Kestel',16),
(43,'Mudanya',16),
(44,'Orhaneli',16),
(45,'Yeniþehir',16)





insert into Kampanya values 
('Ramazan Bayramý1','%10'),
('Ramazan Bayramý2','%20'),
('Ramazan Bayramý3','%25'),
('Ramazan Bayramý4','%50'),
('Ramazan Bayramý5','%75'),
('Ramazan Bayramý6','%90'),
('Ramazan Bayramý7','%100'),
('Kurban Bayramý1','%10'),
('Kurban Bayramý2','%20'),
('Kurban Bayramý3','%25'),
('Kurban Bayramý4','%50'),
('Kurban Bayramý5','%75'),
('Kurban Bayramý6','%90'),
('Kurban Bayramý7','%100')





insert into Sirket values 
(1,'Pamukkale','5734216274'),
(2,'Adýyaman Gülaras Turizm','3329885011'),
(3,'Adiyaman Ünal','2640604401'),
(4,'Ak Turizm','1872987661'),
(5,'Ak Aksu Turizm','5435212168'),
(6,'Anamur Zafer','2404049358'),
(7,'Antalya Toros Turizm','5415336148'),
(8,'Türk Hava Yollarý','5438816219'),
(9,'Pegasus','3330191662'),
(10,'Qatar Airway','3572900376'),
(11,'Delta Air Lines','4025395130'),
(12,'EasyJet','2106206863'),
(13,'TCDD','9910290459'),
(14,'ÝDO','7492328000'),
(15,'Vardar Turizm','6804661499')




insert into Uyee values 
('12356495219','FatmaÖzlem','Acar','KIZ','5053256953','FatmaÖzlemAcar@gmail.com',NULL,34,1),
('12766536987','Özde','Acarkan','KIZ','5058756957','ÖzdeAcarkan@gmail.com',NULL,34,1),
('13176578755','Atahan','Adanýr','ERKEK','5064256961','AtahanAdanýr@gmail.com',NULL,34,1),
('13586620523','HacýMehmet','Adýgüzel','ERKEK','5069756965','HacýMehmetAdýgüzel@gmail.com',NULL,34,2),
('14086620523','Mehmet','Güzel','ERKEK','5469756965','MehmetAdýgüzel@gmail.com',NULL,34,2),
('14406704059','Aykanat','Aðýroðlu','ERKEK','5080756973','AykanatAðýroðlu@gmail.com',NULL,34,3),
('14816745827','Þennur','Aðnar','KIZ','5086256977','ÞennurAðnar@gmail.com',NULL,34,3),
('15226787595','Tutkum','AhmadýAsl','ERKEK','5091756981','TutkumAhmadýAsl@gmail.com',NULL,34,4),
('15636829363','Mügenur','Ahmet','KIZ','5097256985','MügenurAhmet@gmail.com',NULL,34,5),
('16046871131','Sevinç','Ak','KIZ','5102756989','SevinçAk@gmail.com',NULL,34,6),
('16456912899','Lemi','Akarçay','ERKEK','5108256993','LemiAkarçay@gmail.com',NULL,34,7),
('16866954667','Cihan','Akarpýnar','ERKEK','5113756997','CihanAkarpýnar@gmail.com',NULL,34,8),
('17276996435','Rafi','Akaþ','ERKEK','5119257001','RafiAkaþ@gmail.com',NULL,34,9),
('17687038203','Mehmetcan','Akay','ERKEK','5124757005','MehmetcanAkay@gmail.com',NULL,34,10),
('18097079971','Nuhaydar','Akbilmez','KIZ','5130257009','NuhaydarAkbilmez@gmail.com',NULL,34,3),
('18507121739','Servet','Akçagunay','ERKEK','5135757013','ServetAkçagunay@gmail.com',NULL,34,4),
('18917163507','Çilem','Akçay','KIZ','5141257017','ÇilemAkçay@gmail.com',NULL,34,5),
('19327205275','EmreAyberk','Akfýrat','ERKEK','5146757021','EmreAyberkAkfýrat@gmail.com',NULL,34,6),
('19737247043','KerimeHacer','Akýllý','KIZ','5152257025','KerimeHacerAkýllý@gmail.com',NULL,34,7),
('20147288811','Ercüment','Akýncýlar','ERKEK','5157757029','ErcümentAkýncýlar@gmail.com',NULL,34,8),
('20557330579','Sarper','Akýþ','KIZ','5163257033','SarperAkýþ@gmail.com',NULL,34,9),
('20967372347','Berker','Akkiray','ERKEK','5168757037','BerkerAkkiray@gmail.com',NULL,34,10),
('21377414115','Ýclal','Akkoyun','KIZ','5174257041','ÝclalAkkoyun@gmail.com',NULL,34,11),
('21787455883','Lemis','Akküt','ERKEK','5179757045','LemisAkküt@gmail.com',NULL,34,11),
('22197497651','AhmetPolat','AklarÇörekçi','ERKEK','5185257049','PolatAklarÇörekçi@gmail.com',NULL,34,11),
('22607539419','AtaKerem','Akman','ERKEK','5190757053','AtaKeremAkman@gmail.com',NULL,34,12),
('23017581187','AhmetRaþit','Akoðuz','ERKEK','5196257057','AhmetRaþitAkoðuz@gmail.com',NULL,34,13),
('23427622955','EcemHatice','Akova','ERKEK','5201757061','EcemHaticeAkova@gmail.com',NULL,34,14),
('23837664723','Nüket','Aksan','KIZ','5207257065','NüketAksan@gmail.com',NULL,34,15),
('24247706491','Senem','Aksevim','KIZ','5212757069','SenemAksevim@gmail.com',NULL,34,16),
('24657748259','Ayþen','Aksoy','KIZ','5218257073','AyþenAksoy@gmail.com',NULL,34,1),
('25067790027','Pekcan','Aksöz','ERKEK','5223757077','PekcanAksöz@gmail.com',NULL,34,2),
('25477831795','Semina','Aktuna','KIZ','5229257081','SeminaAktuna@gmail.com',NULL,34,3),
('25887873563','EdaSena','Akyýldýz','KIZ','5234757085','EdaSenaAkyýldýz@gmail.com',NULL,34,4),
('26297915331','Müyesser','Akyildirim','KIZ','5240257089','MüyesserAkyildirim@gmail.com',NULL,34,1),
('26707957099','Selinti','Al','KIZ','5245757093','SelintiAl@gmail.com',NULL,34,2),
('27117998867','BaharÖzlem','Albaþ','KIZ','5251257097','BaharÖzlemAlbaþ@gmail.com',NULL,34,3),
('27528040635','Ýlma','Aldað','KIZ','5256757101','ÝlmaAldað@gmail.com',NULL,34,1),
('27938082403','Kutlu','Alibeyoðlu','ERKEK','5262257105','KutluAlibeyoðlu@gmail.com',NULL,34,1),
('28348124171','ÖmerBuðra','Alparslan','ERKEK','5267757109','ÖmerBuðraAlparslan@gmail.com',NULL,34,2),
('28758165939','Hiba','Alpuðan','KIZ','5273257113','HibaAlpuðan@gmail.com',NULL,34,3),
('29168207707','Rana','Altýnoklu','ERKEK','5278757117','RanaAltýnoklu@gmail.com',NULL,34,4),
('29578249475','Fethullah','Altýnöz','ERKEK','5284257121','FethullahAltýnöz@gmail.com',NULL,34,3),
('29988291243','BurakTatkan','Altýntaþ','ERKEK','5289757125','BurakTatkanAltýntaþ@gmail.com',NULL,34,2),
('30398333011','MerveEce','Altýok','ERKEK','5295257129','MerveEceAltýok@gmail.com',NULL,34,1),
('30808374779','Rima','Altýparmak','KIZ','5300757133','RimaAltýparmak@gmail.com',NULL,34,2),
('31218416547','ElifDilay','Altinkaya','KIZ','5306257137','ElifDilayAltinkaya@gmail.com',NULL,34,3),
('31628458315','SýrmaBegüm','Altunbaþ','KIZ','5311757141','SýrmaBegümAltunbaþ@gmail.com',NULL,34,1),
('32038500083','Nefse','Altunbulak','KIZ','5317257145','NefseAltunbulak@gmail.com',NULL,34,2),
('42448541851','BüþraGül','Altundal','KIZ','5322757149','BüþraGülAltundal@gmail.com',NULL,34,3),
('32858583619','Erna','Aluç','KIZ','5328257153','ErnaAluç@gmail.com',NULL,34,1),
('33268625387','HikmetNazlý','Alver','ERKEK','5333757157','HikmetNazlýAlver@gmail.com',NULL,34,3),
('53447571651','ÝsmailUmut','Anýk','ERKEK','5339257161','ÝsmailUmutAnýk@gmail.com',NULL,34,1),
('34088708923','ÝlkayRamazan','Ankara','ERKEK','5344757165','ÝlkayRamazanAnkara@gmail.com',NULL,34,1),
('34498750691','Nebahat','Ansen','KIZ','5350257169','NebahatAnsen@gmail.com',NULL,34,2),
('34908792459','ÝlyasUmut','Apul','ERKEK','5355757173','ÝlyasUmutApul@gmail.com',NULL,34,3),
('35318834227','Halim','Aral','ERKEK','5361257177','HalimAral@gmail.com',NULL,34,4),
('35728875995','YasinÞükrü','Arap','ERKEK','5366757181','YasinÞükrüArap@gmail.com',NULL,34,3),
('36138917763','Cansev','Arat','ERKEK','5372257185','CansevArat@gmail.com',NULL,34,2),
('36548959531','MemetAli','Ardýç','ERKEK','5377757189','MemetAliArdýç@gmail.com',NULL,34,1),
('36959001299','DenizDilay','Arýcan','KIZ','5383257193','DenizDilayArýcan@gmail.com',NULL,34,2),
('37369043067','Ýzlem','Arýnç','KIZ','5388757197','ÝzlemArýnç@gmail.com',NULL,34,3),
('37779084835','Öget','Arif','ERKEK','5394257201','ÖgetArif@gmail.com',NULL,34,1),
('38189126603','ÞeydaNur','Arikan','KIZ','5399757205','ÞeydaNurArikan@gmail.com',NULL,34,17),
('38599168371','ZekiYiðithan','Armutcu','ERKEK','5405257209','ZekiYiðithanArmutcu@gmail.com',NULL,34,1),
('390092101392','Nunazlý','Arpacý','KIZ','5410757213','NunazlýArpacý@gmail.com',NULL,34,3),
('39419251907','Ferdacan','Aruca','KIZ','5416257217','FerdacanAruca@gmail.com',NULL,34,2),
('39829293675','Þerife','Asil','KIZ','5421757221','ÞerifeAsil@gmail.com',NULL,34,4),
('46389961963','Ilým','Aslantürk','KIZ','5427257225','IlýmAslantürk@gmail.com',NULL,34,4),
('40649377211','Sevginur','Aþcý','KIZ','5432757229','SevginurAþcý@gmail.com',NULL,34,4),
('41059418979','Hayrunnisa','Aþveren','KIZ','5438257233','HayrunnisaAþveren@gmail.com',NULL,34,4),
('41469460747','HanifeDuygu','Ata','KIZ','5443757237','HanifeDuyguAta@gmail.com',NULL,34,1),
('41879502515','Sevtap','Atan','KIZ','5449257241','SevtapAtan@gmail.com',NULL,34,1),
('42289544283','Paksoy','Ateþ','ERKEK','5454757245','PaksoyAteþ@gmail.com',NULL,34,3),
('42699586051','Ýlkim','Ateþcan','KIZ','5460257249','ÝlkimAteþcan@gmail.com',NULL,34,2),
('43109627819','Saba','Atmaca','ERKEK','5465757253','SabaAtmaca@gmail.com',NULL,34,5),
('53447571652','Çisem','Atok','KIZ','5471257257','ÇisemAtok@gmail.com',NULL,16,32),
('43929711355','SabihaElvan','Atol','KIZ','5476757261','SabihaElvanAtol@gmail.com',NULL,16,33),
('44339753123','Edip','Attila','ERKEK','5482257265','EdipAttila@gmail.com',NULL,16,44),
('44749794891','Almina','AvcýÖzsoy','KIZ','5487757269','AlminaAvcýÖzsoy@gmail.com',NULL,16,36),
('45159836659','Saime','Avýandý','KIZ','5493257273','SaimeAvýandý@gmail.com',NULL,16,38),
('45159836658','Nehar','Avþar','KIZ','5498757277','NeharAvþar@gmail.com',NULL,16,33),
('45569878427','MuratKaan','Ayanoglu','ERKEK','5504257281','MuratKaanAyanoglu@gmail.com',NULL,16,33),
('45569878426','MuratSinan','Ayaz','ERKEK','5509757285','MuratSinanAyaz@gmail.com',NULL,16,33),
('46800003731','Ateþ','Aycý','ERKEK','5515257289','AteþAycý@gmail.com',NULL,16,44),
('47210045499','ZeynepNihan','Aydýnlýoðlu','KIZ','5520757293','ZeynepAydýnlýoðlu@gmail.com',NULL,16,44),
('47620087267','Hami','Aydoðdu','ERKEK','5526257297','HamiAydoðdu@gmail.com',NULL,16,44),
('53282571535','Thomas','Aygen','ERKEK','5531757301','ThomasAygen@gmail.com',NULL,77,30),
('1328257151','Güneþ','Aykan','KIZ','5537257305','GüneþAykan@gmail.com',NULL,77,30),
('2328257152','ElifFeyza','Ayrým','KIZ','5542757309','ElifFeyzaAyrým@gmail.com',NULL,77,28),
('32448541851','UðurAli','Aysal','ERKEK','5548257313','UðurAliAysal@gmail.com',NULL,77,31),
('32448541856','OsmanYasin','Aysan','ERKEK','5553757317','OsmanYasinAysan@gmail.com',NULL,77,31)







insert into Güzergah values 
(1,'Ýstanbul-Ankara'),
(2,'Ankara-Ýstanbul'),
(3,'Ýstanbul-Ýzmir'),
(4,'Ýzmir-Ýstanbul'),
(5,'Bursa-Sakarya'),
(6,'Ankara-Trabzon'),
(7,'Ýzmir-Trabzon'),
(8,'Kastamonu-Rize'),
(9,'Gaziantep-Diyarbakýr'),
(10,'Mersin-Kahramanmaraþ'),
(11,'Manisa-Antalya'),
(12,'Ankara-Antalya'),
(13,'Yalova-Eskiþehir'),
(14,'Eskiþehir-Isparta'),
(15,'Sakarya-Tekirdað'),
(16,'Sakarya-Kýrýkkale'),
(17,'Rize-Trabzon'),
(18,'Tunceli-Muþ'),
(19,'Artvin-Bartýn'),
(20,'Malatya-Aðrý'),
(21,'Ankara-Adana'),
(22,'Ankara-Uþak'),
(23,'Adana-Niðde'),
(24,'Çanakkale-Ýstanbul'),
(25,'Ýstanbul-Kýrklareli'),
(26,'Rize-Ankara'),
(27,'Sakarya-Kayseri'),
(28,'Balikesir-Muðla'),
(29,'Muðla-Burdur'),
(30,'Kayseri-Sivas')


insert into Durak values 
(1,'Esenler Otogar',34,NULL),
(2,'Yenimahalle Otogar',06,NULL),
(3,'Esenler Otogar',34,NULL),
(4,'Bornova Otogar',35,NULL),
(5,'Osmangazi Otogar',16,NULL),
(6,'Yenimahalle Otogar',06,NULL),
(7,'Bornova Otogar',35,NULL),
(8,'Bornova Otogar',35,NULL),
(9,'Kastamonu Merkez',37,NULL),
(10,'Mersin Otogar',33,NULL),
(11,'Manisa Merkez',45,NULL),
(12,'Yenimahalle Otogar',06,NULL),
(13,'Yalova Merkez',77,NULL),
(14,'Eskiþehir  Terminali',26,NULL),
(15,'Adapazarý Otogar',54,NULL),
(16,'Adapazarý Otogar',54,NULL),
(17,'Çayeli',53,NULL),
(18,'Ovacýk',62,NULL),
(19,'Hopa ',08,NULL),
(20,'Malatya Otogar',44,NULL),
(21,'Yenimahalle Otogar',06,NULL),
(22,'Yenimahalle Otogar',06,NULL),
(23,'Ceyhan Otogar',01,NULL),
(24,'Biga Otogar',17,NULL),
(25,'Esenler Otogar',34,NULL),
(26,'Çayeli  Otogar',53,NULL),
(27,'Adapazarý Otogar',54,NULL),
(28,'Edremit Otogar',10,NULL),
(29,'Muðla Otogar',48,NULL),
(30,'Kayseri Otogar',38,NULL)





insert into Peron values 
(1,1,1),
(2,2,1),
(3,3,1),
(4,4,1),
(5,5,1),
(6,6,1),
(7,1,2),
(8,2,2),
(9,3,2),
(10,34,3),
(11,24,4),
(12,15,5),
(13,23,6),
(14,12,7),
(15,34,8),
(16,34,9),
(17,34,10),
(18,42,11),
(19,23,12),
(20,11,13),
(21,31,14),
(22,44,15)




insert into GüzergahDurak values
(1,1,1),
(2,14,13),
(3,1,1),
(4,17,8),
(5,2,26),
(6,2,1),
(7,14,14),
(8,3,1),
(9,25,1),
(10,6,1),
(11,12,1),
(12,2,1)



insert into Uretici values
(1,'Mercedes-Benz'),
(2,'Temsa'),
(3,'Boeing'),
(4,'TÜVASAÞ'),
(5,'TERSAN')




insert into AraçTipi values
(1,'2 + 1'),
(2,'2 + 2'),
(3,'1 + 1'),
(4,'2 + 1'),
(5,'2 + 2 + 4'),
(6,'3 + 3'),
(7,'1 + 1 + 1'),
(8,'2 + 2 + 3'),
(9,'2 + 2 + 2'),
(10,'4 + 3 + 3'),
(11,'3 + 3 + 3'),
(12,'2 + 2 + 1')


insert into Model values
(1,'Tourismo',1),
(2,'Travego',1),
(3,'Setra',1),
(4,'Man',2),
(5,'Neoplan',2),
(6,'Boeing-737',3),
(7,'Boeing-A330',3),
(8,'Boeing-777X',3),
(9,'YHT',4),
(10,'Ekspres',4),
(11,'Monohull',5)



--0 = PASÝF(KULLANILMIYOR HALDE 1 = AKTÝF(KULLANILIYOR) HALDE  
insert into Arac values
(1,50,'34',2015,1,1,5),
(2,34,'16',2017,0,1,4),
(3,58,'06',2016,1,1,3),
(4,45,'26',2019,0,2,2),
(5,50,'35',2017,0,2,2),
(6,35,'77',2020,1,1,1),
(7,350,'737A',2015,1,3,7),
(8,150,'A350',2018,0,3,6),
(9,200,'TCDD-A200',2012,4,5,9),
(10,400,'ÝDO-400',2017,1,5,10)






insert into Sefer values
(1,'10:15:00','16:15:00',7),
(2,'11:15:00','16:15:00',3),
(3,'12:30:00','19:15:00',1),
(4,'09:15:00','13:30:00',2),
(5,'08:00:00','09:30:00',8),
(6,'06:15:00','09:35:00',9),
(7,'13:15:00','14:40:00',10),
(8,'19:30','22:30',7),
(9,'15:30','20:30',7),
(10,'1:30','4:30',7),
(11,'16:30','20:00',7),
(12,'06:30','09:00',7),
(13,'05:30','07:00',8),
(14,'09:30','12:00',8),
(15,'11:30','16:00',8),
(16,'11:30','14:40:00',1),
(17,'11:30','14:40:00',2),
(18,'11:30','14:40:00',2),
(19,'11:30','14:40:00',1)










insert into SeferDurak values
('11:15:00','10:30','10:00',1,2),
('08:00:00','10:00','09:50',26,5),
('13:15:00','14:00:00','13:55',26,7),
('06:15:00','19:00:00','18:00',23,6),
('10:15:00','12:15:00','12:00',1,1)




insert into Sube values
(1,'Dorlion',NULL,1,77,31),
(2,'Mimoza',null,1,77,31),
(3,'Sebastian',null,1,34,1),
(4,'Fernando',null,1,34,2),
(5,'Alonso',null,1,34,3),
(6,'Çabi',null,1,34,4),
(7,'Kara',null,2,34,5),
(8,'Ak',null,2,34,6),
(9,'Al',null,2,34,7),
(10,'Benzinli',null,7,34,1),
(11,'Sintaks',null,7,34,2),
(12,'Pars',null,7,34,3),
(13,'Binecekli',null,7,34,4),
(14,'Kalacaklý',null,7,34,5)


insert into Unvan values 
(1,'Yönetici'),
(2,'Þoför'),
(3,'Muavin'),
(4,'Kasiyer'),
(5,'Temizlikçi'),
(6,'Depo Sorumlusu'),
(7,'Aþçý'),
(8,'Bilet Kontrol'),
(9,'Pilot'),
(10,'Yardýmcý Pilot'),
(11,'Hostes'),
(12,'Makinist'),
(13,'Kaptan'),
(14,'Diðer')


insert into Personel values
(1,'Ahmet','Akýn','5362154698',null,'ahmetakin@gmail.com',1,1,77,31),
(2,'Mehmet','Biner','5456523659',null,'mehmetbiner@gmail.com',2,3,34,1),
(3,'Veli','Parlak','5356125968',null,'veliparlak@gmail.com',2,3,34,1),
(4,'Furkan','Baþtuð','5365458962',null,'furkanbastug@gmail.com',3,3,34,1),
(5,'Ayþe','Basmaz','5256545855',null,'aysebasmaz@gmail.com',3,3,34,1),
(6,'Pelin','Kaytmaz','5256545956',null,'pelinkaytmaz@gmail.com',4,3,34,1),
(7,'Sinan','Görmez','54565485952',null,'sinangörmez@gmail.com',5,3,34,1),
(8,'Fuat','Demir','5476548596',null,'fuatdemir@gmail.com',2,14,34,3),
(9,'Dilan','Candan','5556548596',null,'dilancandan@gmail.com',9,14,34,3),
(10,'Sena','Þen','5502321569',null,'senaþen@gmail.com',9,14,34,3),
(11,'Selim','Yýldýz','5269548625',null,'selimyýldýz@gmail.com',10,14,34,3),
(12,'Selin','Yýlmaz','5479654256',null,'selinyýlmaz@gmail.com',11,14,34,3),
(13,'Ahmet','Durmaz','5456321546',null,'ahmetdurmaz@gmail.com',11,14,34,3),
(14,'Deniz','Kara','5456321546',null,'denizkara@gmail.com',11,14,34,8)


insert into BiletTuru values 
(1,'Öðrenci','%15'),
(2,'Tam','%10'),
(3,'Promo','%25'),
(4,'Eco','%50'),
(5,'Business','%5'),
(6,'65+','%90'),
(7,'Engelli','%100'),
(8,'Öðrenci','%50'),
(9,'sýradan','%0')



--durum kodu 0:iptal, 1:aktif, 2:rezerv
--Bilet-Ödeme Türü(nakit:0,havale:1,kart:2)
--Bilet-Checkin Durumu (yapýlmadý:0,yapýldý:1)

insert into Bilet values
(1,23,'2019-11-01','13:15',1,2,25,75,null,null,null,null,null,'14816745827',3,1,6,1,7,1),
(2,22,'2018-01-01','19:30',1,2,30,150,1,1,'2017-12-01','40kg',null,'45159836659',1,6,6,1,1,8),
(3,03,'2018-12-01','15:30',1,2,25,75,1,2,'2018-11-15','20kg',null,'45569878427',3,5,6,1,1,8),
(4,16,'2018-03-08','1:30',1,2,10,75,1,3,'2018-03-03','50kg',null,'46389961963',2,3,6,1,1,8),
(5,28,'2018-11-15','16:30',1,2,150,150,1,4,'2018-11-13','45kg',null,'46800003731',4,3,6,1,1,8),
(6,12,'2018-11-12','6:30',1,2,50,150,1,5,'2018-11-11','30kg',null,'47210045499',3,3,6,1,1,8),
(7,15,'2018-08-03','5:30',1,2,180,20,1,6,'2018-08-03','30kg',null,'47620087267',6,12,6,1,1,8),
(8,10,'2019-07-01','06:15:00',1,2,0,225,null,null,null,null,null,'32448541851',9,15,6,2,6,1),
(9,13,'2019-12-01','08:00:00',1,2,35,70,null,null,null,null,null,'32448541851',4,2,6,4,5,1),
(10,18,'2019-03-17','09:15:00',1,2,10,90,null,null,null,null,null,'53282571535',2,6,6,2,4,1),
(11,19,'2019-04-21','12:30:00',1,2,90,10,null,null,null,null,null,'53282571535',6,7,6,2,3,1),
(12,22,'2019-02-23','11:15:00',1,2,50,50,null,null,null,null,null,'53282571535',4,8,6,4,2,1),
(13,25,'2019-12-17','10:15:00',1,2,25,75,null,null,null,null,null,'53447571652',3,9,6,2,1,1),
(14,16,'2018-05-08','1:30',1,2,10,75,1,3,'2018-03-03','20kg',null,'25477831795',2,3,6,1,1,9),
(15,16,'2018-03-08','1:30',1,2,10,75,1,3,'2018-03-03','50kg',null,'38189126603',2,3,6,1,1,8),
(16,25,'2019-12-17','10:15:00',1,2,25,75,null,null,null,null,null,'14086620523',3,9,6,2,1,1),
(17,16,'2019-05-08','1:30',1,2,10,75,1,3,null,null,null,'25887873563',2,3,6,1,1,1),
(18,16,'2018-05-08','1:30',1,2,10,75,1,3,null,null,null,'26297915331',2,3,6,1,1,1),
(19,16,'2018-05-08','1:30',1,2,10,75,1,3,null,null,null,'26707957099',2,3,6,1,1,1),
(20,16,'2018-05-08','1:30',1,2,10,75,1,3,null,null,null,'27528040635',2,3,6,1,1,1),
(21,16,'2018-07-15','1:30',1,2,10,75,1,3,null,null,null,'26707957099',2,3,6,1,1,1),
(22,16,'2018-08-12','1:30',1,2,10,75,1,3,null,null,null,'27528040635',2,3,6,1,1,1),
(23,16,'2018-05-15','1:30',1,2,10,75,1,3,null,null,null,'26707957099',2,3,6,1,1,1),
(24,16,'2018-05-12','1:30',1,2,10,75,1,3,null,null,null,'27528040635',2,3,6,1,1,1),
(25,16,'2015-05-12','1:30',1,2,10,75,1,3,null,null,null,'15226787595',2,3,6,1,1,1)












insert into BiletinDuragý values 

('Ankara','Ýstanbul',8,2),
('Ankara','Ýstanbul',11,2),
('Ankara','Ýstanbul',1,2),
('Ankara','Ýstanbul',13,2),
('Ýzmir','Ýstanbul',9,4),
('Ýzmir','Ýstanbul',12,4),
('Ankara','Eskiþehir',10,2),
('Ankara','Ýstanbul',17,2),
('Ýzmir','Ýstanbul',18,4),
('Ankara','Ýstanbul',19,2),
('Ýzmir','Ýstanbul',20,4),
('Ankara','Ýstanbul',22,2),
('Ýzmir','Ýstanbul',21,4),
('Ankara','Ýstanbul',24,2),
('Ýzmir','Ýstanbul',23,4)








